<?xml version="1.0" encoding="utf-8" ?>

<Defs>
  <FleshTypeDef>
    <defName>YP_Entangle_Small</defName>
    <corpseCategory>CorpsesAnimal</corpseCategory>
    <damageEffecter>Damage_HitFlesh</damageEffecter>
    <genericWounds>
      <li>
        <texture>Things/Pawn/Wounds/Net_retexture_Genom-X</texture>
      </li>
    </genericWounds>
    <hediffWounds>
      <li>
        <hediff>YP_Entangle_Small</hediff>
        <wounds>
            <li>
              <texture>Things/Pawn/Wounds/Net_retexture_Genom-X</texture>
              <tintWithSkinColor>false</tintWithSkinColor>
              <displayOverApparel>true</displayOverApparel>
              <displayPermanent>false</displayPermanent>
            </li>
        </wounds>
      </li>
    </hediffWounds>
  </FleshTypeDef>

  <FleshTypeDef>
    <defName>YP_Entangle_Normal</defName>
    <corpseCategory>CorpsesAnimal</corpseCategory>
    <damageEffecter>Damage_HitFlesh</damageEffecter>
    <genericWounds>
      <li>
        <texture>Things/Pawn/Wounds/Net_retexture_Genom-X</texture>
      </li>
    </genericWounds>
    <hediffWounds>
      <li>
        <hediff>YP_Entangle_Normal</hediff>
        <wounds>
            <li>
              <texture>Things/Pawn/Wounds/Net_retexture_Genom-X</texture>
              <tintWithSkinColor>false</tintWithSkinColor>
              <displayOverApparel>true</displayOverApparel>
              <displayPermanent>false</displayPermanent>
            </li>
        </wounds>
      </li>
    </hediffWounds>
  </FleshTypeDef>

    <FleshTypeDef>
    <defName>YP_Entangle_Large</defName>
    <corpseCategory>CorpsesAnimal</corpseCategory>
    <damageEffecter>Damage_HitFlesh</damageEffecter>
    <genericWounds>
      <li>
        <texture>Things/Pawn/Wounds/Net_retexture_Genom-X</texture>
      </li>
    </genericWounds>
    <hediffWounds>
      <li>
        <hediff>YP_Entangle_Large</hediff>
        <wounds>
            <li>
              <texture>Things/Pawn/Wounds/Net_retexture_Genom-X</texture>
              <tintWithSkinColor>false</tintWithSkinColor>
              <displayOverApparel>true</displayOverApparel>
              <displayPermanent>false</displayPermanent>
            </li>
        </wounds>
      </li>
    </hediffWounds>
  </FleshTypeDef>

    <FleshTypeDef>
    <defName>YP_Entangle_xLarge</defName>
    <corpseCategory>CorpsesAnimal</corpseCategory>
    <damageEffecter>Damage_HitFlesh</damageEffecter>
    <genericWounds>
      <li>
        <texture>Things/Pawn/Wounds/Net_retexture_Genom-X</texture>
      </li>
    </genericWounds>
    <hediffWounds>
      <li>
        <hediff>YP_Entangle_xLarge</hediff>
        <wounds>
            <li>
              <texture>Things/Pawn/Wounds/Net_retexture_Genom-X</texture>
              <tintWithSkinColor>false</tintWithSkinColor>
              <displayOverApparel>true</displayOverApparel>
              <displayPermanent>false</displayPermanent>
            </li>
        </wounds>
      </li>
    </hediffWounds>
  </FleshTypeDef>

    <FleshTypeDef>
    <defName>YP_Entangle_Mech</defName>
    <corpseCategory>CorpsesAnimal</corpseCategory>
    <damageEffecter>Damage_HitFlesh</damageEffecter>
    <genericWounds>
      <li>
        <texture>Things/Pawn/Wounds/Net_retexture_Genom-X</texture>
      </li>
    </genericWounds>
    <hediffWounds>
      <li>
        <hediff>YP_Entangle_Mech</hediff>
        <wounds>
            <li>
              <texture>Things/Pawn/Wounds/Net_retexture_Genom-X</texture>
              <tintWithSkinColor>false</tintWithSkinColor>
              <displayOverApparel>true</displayOverApparel>
              <displayPermanent>false</displayPermanent>
            </li>
        </wounds>
      </li>
    </hediffWounds>
  </FleshTypeDef>
</Defs>