<?xml version="1.0" encoding="utf-8" ?>
<Defs>

    <ThingDef Class="NetGun.ThingDef_NetBullet" ParentName="BaseBullet">
        <defName>YP_Bullet_NetGun</defName>
        <label>net</label>
        <graphicData>
            <texPath>Things/Projectile/Bullet_Net</texPath>
            <graphicClass>Graphic_Single</graphicClass>
        </graphicData>
        <projectile>
            <damageDef>YP_RangedEntangle</damageDef>
            <damageAmountBase>1</damageAmountBase>
            <stoppingPower>4</stoppingPower>
            <armorPenetrationBase>0.001</armorPenetrationBase>
            <speed>20</speed>
        </projectile>
        <AddHediffChance>1.0</AddHediffChance>
        <HediffToAdd>YP_Entangle_Small</HediffToAdd>
        <thingClass>NetGun.Projectile_NetBullet</thingClass>
    </ThingDef>


    <ThingDef ParentName="BaseHumanMakeableGun">
        <defName>Gun_Net</defName>
        <label>net gun</label>
        <description>A net gun is a non-lethal weapon designed to fire a net which entangles the target.</description>
        <graphicData>
            <texPath>Things/Item/Equipment/WeaponRanged/NetGun_retexture_Genom-X</texPath>
            <graphicClass>Graphic_Single</graphicClass>
        </graphicData>
        <uiIconScale>1.4</uiIconScale>
        <soundInteract>Interact_Rifle</soundInteract>
        <thingSetMakerTags><li>RewardStandardQualitySuper</li></thingSetMakerTags>
        <statBases>
            <WorkToMake>15000</WorkToMake>
            <Mass>2.4</Mass>
            <MarketValue>150</MarketValue>
            <AccuracyTouch>0.80</AccuracyTouch>
            <AccuracyShort>0.87</AccuracyShort>
            <AccuracyMedium>0.77</AccuracyMedium>
            <AccuracyLong>0.64</AccuracyLong>
            <RangedWeapon_Cooldown>0.7</RangedWeapon_Cooldown>
        </statBases>
        <weaponTags>
            <li>SimpleGun</li>
            <li>Revolver</li>
        </weaponTags>
        <costList>
            <Steel>50</Steel>
            <ComponentIndustrial>4</ComponentIndustrial>
        </costList>
        <recipeMaker>
            <skillRequirements>
                <Crafting>5</Crafting>
            </skillRequirements>
        </recipeMaker>
        <verbs>
            <li>
                <verbClass>Verb_Shoot</verbClass>
                <hasStandardCommand>true</hasStandardCommand>
                <defaultProjectile>YP_Bullet_NetGun</defaultProjectile>
                <warmupTime>2</warmupTime>
                <range>10.4</range>
                <soundCast>Shot_IncendiaryLauncher</soundCast>
                <soundCastTail>GunTail_Medium</soundCastTail>
                <muzzleFlashScale>9</muzzleFlashScale>
            </li>
        </verbs>
        <tools>
            <li>
                <label>stock</label>
                <capacities>
                <li>Blunt</li>
                </capacities>
                <power>9</power>
                <cooldownTime>2</cooldownTime>
            </li>
            <li>
                <label>barrel</label>
                <capacities>
                <li>Blunt</li>
                <li>Poke</li>
                </capacities>
                <power>9</power>
                <cooldownTime>2</cooldownTime>
            </li>
        </tools>
    </ThingDef>

</Defs>